{
    "nqubits": 5,
    "description": "IBM 5-qubit device FakeBelem, q0 and q1 only",
    "settings": {
        "nshots": 4096,
        "relaxation_time": 300000
    },
    "qubits": [
        0
    ],
    "couplers": [],
    "topology": [],
    "native_gates": {
        "single_qubit": {
            "0": {
                "RX": {
                    "duration": 35.55555555555556,
                    "amplitude": 0.24045125169257026,
                    "frequency": 5090167234.445013,
                    "shape": "Drag(4, -2.4305800297101414)",
                    "type": "qd",
                    "start": 0,
                    "phase": 0
                },
                "MZ": {
                    "duration": 4977.777777777777,
                    "amplitude": 0.03,
                    "frequency": 7301661824.000001,
                    "shape": "Rectangular()",
                    "type": "ro",
                    "start": 0,
                    "phase": 1.5636758979377372
                }
            }
        }
    },
    "characterization": {
        "single_qubit": {
            "0": {
                "readout_frequency": 7301661824.000001,
                "drive_frequency": 5090167234.445013,
                "anharmonicity": 217492000,
                "Ec": 0,
                "Ej": 0,
                "g": 0,
                "T1": 0.0,
                "T2": 0.0,
                "sweetspot": 0,
                "mean_gnd_states": "1.5417+0.1817j",
                "mean_exc_states": "2.5332-0.5914j",
                "threshold": 1.5435,
                "iq_angle": 2.602
            }
        }
    }
}